Table Rock Trail, https://www.alltrails.com/trail/us/south-carolina/table-rock-trail?ref=result-card
Rainbow Falls Trail, https://www.alltrails.com/trail/us/south-carolina/rainbow-falls-trail?ref=result-card
Yellow Branch Falls Trail, https://www.alltrails.com/trail/us/south-carolina/yellow-branch-falls-trail?ref=result-card
Raven Cliff Falls and Dismal Trail Loop, https://www.alltrails.com/trail/us/south-carolina/raven-cliff-falls-loop-trail?ref=result-card
Raven Cliff Falls Trail, https://www.alltrails.com/trail/us/south-carolina/raven-cliff-falls-trail?ref=result-card
Falls Creek Waterfall Trail, https://www.alltrails.com/trail/us/south-carolina/falls-creek-waterfall-trail?ref=result-card
Sulphur Springs Trail, https://www.alltrails.com/trail/us/south-carolina/sulphur-springs-trail?ref=result-card
Raven Rock Loop Trail, https://www.alltrails.com/trail/us/south-carolina/raven-rock-loop-trail?ref=result-card
Dam Road, Issaqueena, Rocky and Collarbone Trail, https://www.alltrails.com/trail/us/south-carolina/dam-road-issaqueena-rocky-and-collarbone-trail?ref=result-card
Pinnacle Mountain Trail, https://www.alltrails.com/trail/us/south-carolina/pinnacle-mountain-trail?ref=result-card
Oconee Station & Station Cove Falls Trail, https://www.alltrails.com/trail/us/south-carolina/oconee-station-station-cove-falls-trail?ref=result-card
Carrick Creek Loop, https://www.alltrails.com/trail/us/south-carolina/carrick-creek-loop?ref=result-card
Paris Mountain Big Loop, https://www.alltrails.com/trail/us/south-carolina/mountain-creek-brissy-ridge-pipissewa-north-lake-kanuga-sulphur-springs-loop?ref=result-card
Lee Falls Trail, https://www.alltrails.com/trail/us/south-carolina/lee-falls-trail?ref=result-card
Issaqueena Falls Trail, https://www.alltrails.com/trail/us/south-carolina/issaqueena-falls-trail?ref=result-card
Swamp Rabbit Trail, https://www.alltrails.com/trail/us/south-carolina/swamp-rabbit-trail?ref=result-card
Lower Whitewater Falls, https://www.alltrails.com/trail/us/south-carolina/lower-whitewater-falls?ref=result-card
Wildcat Wayside Nature Trail, https://www.alltrails.com/trail/us/south-carolina/wildcat-wayside-nature-trail?ref=result-card
Brissy Ridge, https://www.alltrails.com/trail/us/south-carolina/brissy-pipsissewa-north-lake-kanuga-trails?ref=result-card
Jones Gap and Rainbow Falls Trail, https://www.alltrails.com/trail/us/south-carolina/jones-gap-and-rainbow-falls-trail?ref=result-card
Twin Falls Trail on Reedy Cove Creek, https://www.alltrails.com/trail/us/south-carolina/twin-falls-trail-on-reedy-cove-creek?ref=result-card
King Creek Falls Trail, https://www.alltrails.com/trail/us/south-carolina/king-creek-falls-trail?ref=result-card
Boardwalk Loop Trail, https://www.alltrails.com/trail/us/south-carolina/boardwalk-loop-trail--2?ref=result-card
Riley Moore Falls, https://www.alltrails.com/trail/us/south-carolina/riley-moore-falls?ref=result-card
